Title,Evidence,Cluster
VLStereoSet: A Study of Stereotypical Bias in Pre-trained Vision-Language Models,experiments on six representative pretrained visionlanguage models demonstrate that stereotypical biases clearly exist in most of these models and across all four bias categories with gender bias slightly more evident,5
Demographic-Aware Language Model Fine-tuning as a Bias Mitigation Technique,bertlike language models lms when exposed to large unstructured datasets are known to learn and sometimes even amplify the biases present in such data,5
RankGen: Improving Text Generation with Large Ranking Models,modern language models often assign high probabilities to output sequences that are repetitive incoherent or irrelevant to the prefix as such modelgenerated text also contains such artifacts,2
An Empirical Analysis of Memorization in Fine-tuned Autoregressive Language Models,large language models are shown to present privacy risks through memorization of training data and we empirically study memorization of finetuning methods using membership inference and extraction attacks and show that their susceptibility to attacks is very different,7
EvEntS ReaLM: Event Reasoning of Entity States via Language Models,nominally large language models llm have been exposed to procedural knowledge about how objects interact yet our benchmarking shows they fail to reason about the world,4
Rich Knowledge Sources Bring Complex Knowledge Conflicts: Recalibrating Models to Reflect Conflicting Evidence,we simulate knowledge conflicts ie where parametric knowledge suggests one answer and different passages suggest different answers and examine model behaviors and contradictions among knowledge sources affect model confidence only marginally,2
SafeText: A Benchmark for Exploring Physical Safety in Language Models,we find that stateoftheart large language models are susceptible to the generation of unsafe text and have difficulty rejecting unsafe advice,7
Memory-assisted prompt editing to improve GPT-3 after deployment,large lms such as gpt are powerful but can commit mistakes that are obvious to humans,4
BERTScore is Unfair: On Social Bias in Language Model-Based Metrics for Text Generation,however it has been demonstrated that plms encode a range of stereotypical societal biases leading to a concern about the fairness of plms as metrics and we demonstrate that popular plmbased metrics exhibit significantly higher social bias than traditional metrics on  sensitive attributes,5
Neural Theory-of-Mind? On the Limits of Social Intelligence in Large LMs,we show that one of todayâs largest language models gpt brown et al  lacks this kind of social intelligence outofthe box and our results show that models struggle substantially at these theory of mind tasks and we,2
Improving Temporal Generalization of Pre-trained Language Models with Lexical Semantic Change,neural language models at scale suffer from poor temporal generalization capability and language model pretrained on static data from past years performs worse over time on emerging data,2
Perturbation Augmentation for Fairer NLP,unwanted and often harmful social biases are becoming ever more salient in nlp research affecting both models and datasets and lastly we discuss outstanding questions about how best to evaluate the unfairness of large language models,5
"The better your Syntax, the better your Semantics? Probing Pretrained Language Models for the English Comparative Correlative",our results show that all three investigated plms are able to recognise the structure of the cc but fail to use its meaning while humanlike performance of plms on many nlp tasks has been alleged this indicates that plms still suffer from substantial shortcomings in central domains of linguistic knowledge,1
LittleBird: Efficient Faster & Longer Transformer for Question Answering,but it has a limitation dealing with long inputs due to its attention mechanism,4
Invariant Language Modeling,yet they suffer from spurious correlations poor outofdomain generalization and biases,2
Mutual Information Alleviates Hallucinations in Abstractive Summarization,these models still exhibit the tendency to hallucinate ie output content not supported by the source document,0
Evaluating the Impact of Model Scale for Compositional Generalization in Semantic Parsing,despite their strong performance on many tasks pretrained language models have been shown to struggle on outofdistribution compositional generalization and overall our study highlights limitations of current techniques for effectively leveraging model scale for compositional generalization while our analysis also suggests promising directions for future work,2
A Systematic Investigation of Commonsense Knowledge in Large Language Models,our findings highlight the limitations of pretrained lms in acquiring commonsense knowledge without taskspecific supervision furthermore using larger models or fewshot evaluation is insufficient to achieve humanlevel commonsense performance,2
SEAL: Interactive Tool for Systematic Error Analysis and Labeling,however many times these models systematically fail on tail data or rare groups not obvious in aggregate evaluation,2
Auto-Debias: Debiasing Masked Language Models with Automated Biased Prompts,humanlike biases and undesired social stereotypes exist in large pretrained language models given the wide adoption of these models in realworld applications mitigating such biases has become an emerging and important task,5
Are Prompt-based Models Clueless?,models with a taskspecific head require a lot of training data making them susceptible to learning and exploiting datasetspecific superficial cues that do not generalize to other datasets and analyzing fewshot promptbased models on mnli snli hans and copa has revealed that promptbased models also exploit superficial cues while the models perform well on instances with superficial cues,2
TruthfulQA: Measuring How Models Mimic Human Falsehoods,models generated many false answers that mimic popular misconceptions and have the potential to deceive humans and the largest models were generally the least truthful,2
Upstream Mitigation Is Not All You Need: Testing the Bias Transfer Hypothesis in Pre-Trained Language Models,we investigate the bias transfer hypothesis,2
A Token-level Reference-free Hallucination Detection Benchmark for Free-form Text Generation,large pretrained generative models like gpt often suffer from hallucinating nonexistent or incorrect content which undermines their potential merits in real applications,6
Is GPT-3 Text Indistinguishable from Human Text? Scarecrow: A Framework for Scrutinizing Machine Text,errors in machine generations become ever subtler and harder to spot and the ten error categories of scarecrowâsuch as redundancy commonsense errors and incoherence,2
Exploiting Language Model Prompts Using Similarity Measures: A Case Study on the Word-in-Context Task,existing promptbased techniques fail on the semantic distinction task of the wordincontext wic dataset specifically none of the existing fewshot approaches including the incontext learning of gpt can attain a performance that is meaningfully different from the random baseline,2
Softmax Bottleneck Makes Language Models Unable to Represent Multi-mode Word Distributions,however we discover that this single hidden state cannot produce all probability distributions regardless of the lm size or training data size because the single hidden state embedding cannot be close to the embeddings of all the possible next words simultaneously when there are other interfering word embeddings between them,2
Coherence boosting: When your pretrained language model is not paying enough attention,we demonstrate that large language models have insufficiently learned the effect of distant words on nexttoken prediction,2
Data Contamination: From Memorization to Exploitation,it is not clear to what extent models exploit the contaminated data for downstream tasks and our results highlight the importance of analyzing massive webscale datasets to verify that progress in nlp is obtained by better language understanding and not better data exploitation,7
Kronecker Decomposition for GPT Compression,despite the superior performance of gpt this overparameterized nature of gpt can be very prohibitive for deploying this model on devices with limited computational power or memory,4
Provably Confidential Language Modelling,large language models are shown to memorize privacy information such as social security numbers in training data,5
"When a sentence does not introduce a discourse entity, Transformer-based models still sometimes refer to it",we find that while the models are to a certain extent sensitive to the interactions we investigate they are all challenged by the presence of multiple nps and their behavior is not systematic which suggests that even models at the scale of gpt do not fully acquire basic entity tracking abilities,2
Measuring Fairness with Biased Rulers: A Comparative Study on Bias Metrics for Pre-trained Language Models,these results indicate that fairness or bias evaluation remains challenging for contextualized language models among other reasons because these choices remain subjective,2
Curriculum: A Broad-Coverage Benchmark for Linguistic Phenomena in Natural Language Understanding,current evaluation methods show some significant shortcomings they fail to effectively map out the aspects of language understanding that remain challenging to existing models and our experiments provide insight into the limitation of existing benchmark datasets and stateoftheart models,2
Exposing the Limits of Video-Text Models through Contrast Sets,we see that model performance suffers across all methods erasing the gap between recent clipbased methods vs the earlier methods,2
KALA: Knowledge-Augmented Language Model Adaptation,simple finetuning of plms on the other hand might be suboptimal for domainspecific tasks because they cannot possibly cover knowledge from all domains while adaptive pretraining of plms can help them obtain domainspecific knowledge it requires a large training cost moreover adaptive pretraining can harm the plmâs performance on the downstream task by causing catastrophic forgetting of its general,4
You Donâ€™t Know My Favorite Color: Preventing Dialogue Representations from Revealing Speakersâ€™ Private Personas,privacy concerns have arisen recently,7
Methods for Estimating and Improving Robustness of Language Models,large language models llms suffer notorious flaws related to their preference for shallow textual relations over full semantic complexity of the problem and weak ability to generalise outside of the training domain,4
Exploring the Effect of Dialect Mismatched Language Models in Telugu Automatic Speech Recognition,we show that dialect variations that surface in the form of a different lexicon grammar and occasionally semantics can significantly degrade the performance of the lm under mismatched conditions,1
MIL-Decoding: Detoxifying Language Models at Token-Level via Multiple Instance Learning,despite advances in large pretrained neural language models they are prone to generating toxic language which brings security risks to their applications,7
Knowledge of cultural moral norms in large language models,we find that pretrained english language models predict empirical moral norms across countries worse than the english moral norms reported previously however finetuning language models on the survey data improves inference across countries at the expense of a less accurate estimate of the english moral norms,2
A Causal Framework to Quantify the Robustness of Mathematical Reasoning with Language Models,the robustness of these models has also been called into question recent works have shown that models can rely on shallow patterns in the problem description when generating a solution and our analysis shows that robustness does not appear to continuously improve as a function of size,2
ALERT: Adapt Language Models to Reasoning Tasks,it is unclear whether these models are applying reasoning skills they have learnt during pretraining or if they are simply memorizing their training corpus at finer granularity and we also find that when language models are finetuned they tend to overfit to the prompt template which hurts the robustness of models causing generalization,2
ThinkSum: Probabilistic reasoning over sets using large language models,recent studies show that even the more advanced llms fail in scenarios that require reasoning over multiple objects or facts and making sequences of logical deductions,1
Do language models have coherent mental models of everyday things?,we observe that stateoftheart pretrained language models lms like gpt and macaw have fragments of knowledge about these everyday things but do not have fully coherent parts mental models  accurate  conditional constraint violation,2
Plan-and-Solve Prompting: Improving Zero-Shot Chain-of-Thought Reasoning by Large Language Models,despite the success of zeroshotcot it still suffers from three pitfalls,7
Dynamic and Efficient Inference for Text Generation via BERT Family,they suffer from inefficient inference on computation and memory due to their largescale parameters and the universal autoregressive decoding paradigm,4
Social-Group-Agnostic Bias Mitigation via the Stereotype Content Model,existing bias mitigation methods require socialgroupspecific word pairs eg âœmanâ â âœwomanâ for each social attribute eg gender restricting the bias mitigation to only one specified social attribute further this constraint renders such methods impractical and costly for mitigating bias in,5
Explanation-based Finetuning Makes Models More Robust to Spurious Cues,large language models llms are so powerful that they sometimes learn correlations between labels and features that are irrelevant to the task leading to poor generalization on outofdistribution data,4
"On Second Thought, Letâ€™s Not Think Step by Step! Bias and Toxicity in Zero-Shot Reasoning",we find that zeroshot cot reasoning in sensitive domains significantly increases a modelâs likelihood to produce harmful or undesirable output and our work suggests that zeroshot cot should be used with caution on socially important tasks especially when marginalized groups or sensitive topics are involved,7
MISGENDERED: Limits of Large Language Models in Understanding Pronouns,when prompted outofthebox language models perform poorly at correctly predicting neopronouns averaging  accuracy and genderneutral pronouns averaging  accuracy this inability to generalize results from a lack of representation of nonbinary pronouns in training data and memorized associations,2
SCOTT: Self-Consistent Chain-of-Thought Distillation,even more concerning there is little guarantee that the generated rationales are consistent with lmâs predictions or faithfully justify the decisions,3
Evaluating Open-Domain Question Answering in the Era of Large Language Models,the automated models struggle in detecting hallucinations in llm answers and are thus unable to evaluate llms,6
Verify-and-Edit: A Knowledge-Enhanced Chain-of-Thought Framework,one of its most fatal disadvantages is the lack of factual correctness generating unfactual texts not only leads to lower performances but also degrades the trust and validity of their applications,7
Language model acceptability judgements are not always robust to context,we find that model judgements are generally robust when placed in randomly sampled linguistic contexts but are unstable when contexts match the test stimuli in syntactic structure and this sensitivity to highly specific syntactic features of the context can only be explained by the modelsâ implicit incontext learning abilities,2
RobuT: A Systematic Study of Table QA Robustness Against Human-Annotated Adversarial Perturbations,our results indicate that both stateoftheart table qa models and large language models eg gpt with fewshot learning falter in these adversarial sets,2
Learning Non-linguistic Skills without Sacrificing Linguistic Proficiency,nonlinguistic skill injection typically comes at a cost for llms,1
Parallel Context Windows for Large Language Models,when applied to processing long text large language models llms are limited by their context window,4
Contrastive Learning with Adversarial Examples for Alleviating Pathology of Language Model,however these models also suffer from the pathology of overconfidence in the outofdistribution examples potentially making the model difficult to interpret and making the interpretation methods fail to provide faithful attributions,2
SQuARe: A Large-Scale Dataset of Sensitive Questions and Acceptable Responses Created through Human-Machine Collaboration,the potential social harms that large language models pose such as generating offensive content and reinforcing biases are steeply rising,5
Are Machine Rationales (Not) Useful to Humans? Measuring and Improving Human Utility of Free-text Rationales,we observe that human utility of existing rationales is far from satisfactory and expensive to estimate with human studies existing metrics like task performance of the lm generating the rationales or similarity between generated and gold rationales are not good indicators of their human utility,3
RL4F: Generating Natural Language Feedback with Reinforcement Learning for Repairing Model Outputs,despite their unprecedented success even the largest language models make mistakes and this approach does not apply to blackbox or limited access models such as chatgpt as they cannot be finetuned moreover in the era of large generalpurpose language agents finetuning,4
Targeted Data Generation: Finding and Fixing Model Weaknesses,stateoftheart nlp models often fail systematically on specific subgroups of data resulting in unfair outcomes and eroding user trust,5
On â€œScientific Debtâ€ in NLP: A Case for More Rigour in Language Model Pre-Training Research,current plm research practices often conflate different possible sources of model improvement without conducting proper ablation studies and principled comparisons between different models under comparable conditions these practices i leave us illequipped to understand which pretraining approaches should be used under what circumstances ii impede reproducibility and credit assignment and iii render it difficult to understand,2
WinoQueer: A Community-in-the-Loop Benchmark for Anti-LGBTQ+ Bias in Large Language Models,we apply our benchmark to several popular llms and find that offtheshelf models generally do exhibit considerable antiqueer bias,3
When Not to Trust Language Models: Investigating Effectiveness of Parametric and Non-Parametric Memories,despite their impressive performance on diverse tasks large language models lms still struggle with tasks requiring rich world knowledge implying the difficulty of encoding a wealth of world knowledge in their parameters and we find that lms struggle with less popular factual knowledge and that retrieval augmentation helps significantly in these cases and scaling on the other hand mainly improves memorization of,4
Say What You Mean! Large Language Models Speak Too Positively about Negative Commonsense Knowledge,our experiments reveal that llms frequently fail to generate valid sentences grounded in negative commonsense knowledge and statistical shortcuts and negation reporting bias from language modeling pretraining cause this conflict,1
How Do In-Context Examples Affect Compositional Generalization?,we find that the compositional generalization performance can be easily affected by the selection of incontext examples and two strong limitations are observed,2
Contrastive Decoding: Open-ended Text Generation as Optimization,maximum probability is a poor decoding objective for openended generation because it produces short and repetitive text on the other hand sampling can often produce incoherent text that drifts from the original topics,2
CHBias: Bias Evaluation and Mitigation of Chinese Conversational Language Models,pretrained conversational agents have been exposed to safety issues exhibiting a range of stereotypical human biases such as gender bias and experimental results show that these chinese pretrained models are potentially risky for generating texts that contain social biases,5
Mitigating Label Biases for In-context Learning,domainlabel bias restricts llms to randomlevel performance on many tasks regardless of the choice of incontext examples,3
"RARR: Researching and Revising What Language Models Say, Using Language Models",however they sometimes generate unsupported or misleading content a user cannot easily determine whether their outputs are trustworthy or not because most lms do not have any builtin mechanism for attribution to external evidence,3
Ellipsis-Dependent Reasoning: a New Challenge for Large Language Models,test results show that the best models perform well on nonelliptical examples but struggle with all but the simplest ellipsis structures,2
Language Models Get a Gender Makeover: Mitigating Gender Bias with Few-Shot Data Interventions,societal biases present in pretrained large language models are a critical issue as these models have been shown to propagate biases in countless downstream applications rendering them unfair towards specific groups of people,5
Probing Physical Reasoning with Counter-Commonsense Context,the results show that while large language models can use prepositions such as in and into in the provided context to infer size relationships they fail to use verbs and thus make incorrect judgments led by their prior physical commonsense,2
"Summarizing, Simplifying, and Synthesizing Medical Evidence using GPT-3 (with Varying Success)",we find that while gpt is able to summarize and simplify single biomedical articles faithfully it struggles to provide accurate aggregations of findings over multiple documents,2
Controlling the Extraction of Memorized Data from Large Language Models via Prompt-Tuning,large language models llms are known to memorize significant portions of their training data parts of this memorized content have been shown to be extractable by simply querying the model which poses a privacy risk,4
A Simple and Effective Framework for Strict Zero-Shot Hierarchical Classification,these benchmarks often do not adequately address the challenges posed in the realworld such as that of hierarchical classification  we observe llms are more prone to failure in these cases,3
Making the Most Out of the Limited Context Length: Predictive Power Varies with Clinical Note Type and Note Section,when the context length for a language model predictor is limited which part of clinical notes should we choose as the input,4
MathPrompter: Mathematical Reasoning using Large Language Models,large language models llms have limited performance when solving arithmetic reasoning tasks and often provide incorrect answers and to the best of our knowledge we are not aware of any llms that indicate their level of confidence in their responses which fuels a trust deficit in these models impeding their adoption,4
KoSBI: A Dataset for Mitigating Social Bias Risks Towards Safer Large Language Model Applications,large language models llms not only learn natural text generation abilities but also social biases against different demographic groups from realworld data this poses a critical risk when deploying llmbased applications and this limitation requires localized social bias datasets to ensure the safe and effective deployment of llms,5
A Static Evaluation of Code Completion by Large Language Models,our static analysis reveals that undefined name and unused variable are the most common errors among others made by language models,2
"Everything you need to know about Multilingual LLMs: Towards fair, performant and reliable models for languages of the world",responsible ai issues such as fairness bias and toxicity linguistic diversity and evaluation in the context of mmlms specifically focusing on issues in nonenglish and lowresource languages,5
WinoDict: Probing language models for in-context word acquisition,this benchmark addresses word acquisition one important aspect of the diachronic degradation known to afflict llms as llms are frozen in time at the moment they are trained they are normally unable to reflect the way language changes over time,1
Nationality Bias in Text Generation,this paper examines how a text generation model gpt accentuates preexisting societal biases about countrybased demonyms and gpt demonstrates significant bias against countries with lower internet users and adversarial triggering effectively reduces the same,5
"â€œJohn is 50 years old, can his son be 65?â€ Evaluating NLP Modelsâ€™ Understanding of Feasibility",some recent works have also found notable failures of these models often these failure examples involve complex reasoning abilities and we show that even stateoftheart models such as gpt gpt and t struggle to answer,2
On Robustness of Prompt-based Semantic Parsing with Large Pre-trained Language Model: An Empirical Study on Codex,the existing finetuned neural semantic parsers are vulnerable to adversarial attacks on naturallanguage inputs and the robustness of smaller semantic parsers can be enhanced through adversarial training this approach is not feasible for large language models in realworld scenarios and the large language model of code is vulnerable to carefully crafted adversarial examples,7
MiniALBERT: Model Distillation via Parameter-Efficient Recursive Transformers,the usability of lms is constrained by computational and time complexity along with their increasing size an issue that has been referred to as overparameterisation,3
SODAPOP: Open-Ended Discovery of Social Biases in Social Commonsense Reasoning Models,a common limitation of diagnostic tests for detecting social biases in nlp models is that they may only detect stereotypic associations that are prespecified by the designer of the test and we also test sodapop on debiased models and show the limitations of,5
Robustness Challenges in Model Distillation and Pruning for Natural Language Understanding,however very few of these studies have analyzed the impact of compression on the generalizability and robustness of compressed models for outofdistribution ood data and the compressed models are significantly less robust than their plm counterparts on ood test sets although they obtain similar performance on indistribution development sets for a task,2
Opportunities and Challenges in Neural Dialog Tutoring,we find that although current approaches can model tutoring in constrained learning scenarios when the number of concepts to be taught and possible teacher strategies are small they perform poorly in less constrained scenarios and our human quality evaluation shows that both models and groundtruth annotations exhibit low performance in terms of equitable tutoring which measures learning opportunities for,2
Assessing Out-of-Domain Language Model Performance from Few Examples,while pretrained language models have exhibited impressive generalization capabilities they still behave unpredictably under certain domain shifts and given a few targetdomain examples and a set of models with similar training performance can we understand how these models will perform on ood test data,2
Towards preserving word order importance through Forced Invalidation,however recent findings have revealed that pretrained language models are insensitive to word order the performance on nlu tasks remains unchanged even after randomly permuting the word of a sentence where crucial syntactic information is destroyed,2
Adding Instructions during Pretraining: Effective way of Controlling Toxicity in Language Models,however safely deploying them in real world applications is challenging because they generate toxic content,7
When Do Pre-Training Biases Propagate to Downstream Tasks? A Case Study in Text Summarization,large language models llms are subject to sociocultural and other biases previously identified using intrinsic evaluations however when and how these intrinsic biases in pretrained lm representations propagate to downstream finetuned nlp tasks like summarization is not well understood and we show that these biases manifest themselves as hallucinations in summarization leading to factually incorrect summaries,5
Language Generation Models Can Cause Harm: So What Can We Do About It? An Actionable Survey,going beyond enumerating the risks of harms this work provides a survey of practical methods for addressing potential threats and societal harms from language generation models,7
FISH: A Financial Interactive System for Signal Highlighting,chatgptâs decision is sensitive to the order of labels in the prompt chatgpt has a clearly higher chance to select the labels at earlier positions as the answer,2
A Unified Framework for Emotion Identification and Generation in Dialogues,experiments on our dataset show that recent large language models eg instructgpt struggle to answer the subquestions even if they are able to answer the main questions correctly we find that the models perform particularly poorly in answering subquestions written for the incorrect options,2
Addressing Domain Changes in Task-oriented Conversational Agents through Dialogue Adaptation,our results reveal limitations in llmbased agentsâ planning optimization due to systematic failures in managing longhorizon contexts and hallucination about the task state,3
GPTAraEval: A Comprehensive Evaluation of ChatGPT on Arabic NLP,our work adds to a growing body of research underscoring the limitations of chatgpt,7
CompoundPiece: Evaluating and Improving Decompounding Performance of Language Models,we find that llms perform poorly especially on words which are tokenized unfavorably by subword tokenization,1
Conceptual structure coheres in human cognition but not in large language models,structures estimated from the llm behavior while individually fairly consistent with those estimated from human behavior depend much more upon the particular task used to generate behavior responsesâresponses generated by the very same model in the three tasks yield estimates of conceptual structure that cohere less with one another than do human structure,1
Towards LLM-driven Dialogue State Tracking,despite its impressive performance chatgpt has significant limitations including its closedsource nature request restrictions raising data privacy concerns and lacking local deployment capabilities,7
Weâ€™re Afraid Language Models Arenâ€™t Modeling Ambiguity,we find that the task remains extremely challenging including for gpt whose generated disambiguations are considered correct only  of the time in crowdworker evaluation compared to  for disambiguations in our dataset,2
Enhancing Uncertainty-Based Hallucination Detection with Stronger Focus,however llms are prone to hallucinate untruthful or nonsensical outputs that fail to meet user expectations in many realworld applications,6
CodeT5+: Open Code Large Language Models for Code Understanding and Generation,however existing code llms have two main limitations first they often adopt a specific architecture encoderonly or decoderonly or rely on a unified encoderdecoder network for different downstream tasks lacking the flexibility to operate in the optimal architecture for a specific task secondly they often employ a limited set of pretraining objectives which might not be relevant to some tasks and,4
Unveiling the Implicit Toxicity in Large Language Models,we show that llms can generate diverse implicit toxic outputs that are exceptionally difficult to detect via simply zeroshot prompting and our findings suggest that llms pose a significant threat in generating undetectable implicit toxic outputs,3
ALCUNA: Large Language Models Meet New Knowledge,we benchmark several llms reveals that their performance in face of new knowledge is not satisfactory particularly in reasoning between new and internal knowledge,3
Robust Prompt Optimization for Large Language Models Against Distribution Shifts,we reveal that these prompt optimization techniques are vulnerable to distribution shifts such as subpopulation shifts which are common for llms in realworld scenarios such as customer reviews analysis,3
Interpreting Embedding Spaces by Conceptualization,one major drawback of this type of representation is their incomprehensibility to humans and understanding the embedding space is crucial for several important needs including the need to debug the embedding method and compare it to alternatives and the need to detect biases hidden in the model,2
Knowledge-Augmented Language Model Verification,yet lms often generate the factually incorrect responses to the given queries since their knowledge may be inaccurate incomplete and outdated and the model may fail to retrieve the knowledge relevant to the given query or the model may not faithfully reflect the retrieved knowledge in the generated text,6
Failures Pave the Way: Enhancing Large Language Models through Tuning-free Rule Accumulation,however due to their inability to capture relationships among samples these frozen llms inevitably keep repeating similar mistakes,3
â€œFifty Shades of Biasâ€: Normative Ratings of Gender Bias in GPT Generated English Text,with llms increasingly gaining humanlike fluency in text generation gaining a nuanced understanding of the biases these systems can generate is imperative,5
MAGNIFICo: Evaluating the In-Context Learning Ability of Large Language Models to Generalize to Novel Interpretations,llms have a knowledge cutoff and are costly to finetune repeatedly and our findings also highlight the need for further improvements particularly when interpreting unfamiliar words or when composing multiple novel interpretations simultaneously in the same example,1
Instructed Language Models with Retrievers Are Powerful Entity Linkers,the generative nature still makes the generated content suffer from hallucinations thus unsuitable for entitycentric tasks like entity linking el requiring precise entity predictions over a large knowledge base and the el task remains a persistent hurdle for general llms,6
Does the Correctness of Factual Knowledge Matter for Factual Knowledge-Enhanced Pre-trained Language Models?,surprisingly throughout our experiments we find that although the knowledge seems to be successfully injected the correctness of injected knowledge only has a very limited effect on the modelsâ downstream performance this finding strongly challenges previous assumptions that the injected factual knowledge is the key for language models to achieve performance improvements on downstream tasks in pretrainfinetune paradigm,2
"The Past, Present and Better Future of Feedback Learning in Large Language Models for Subjective Human Preferences and Values",it is unclear how to collect and incorporate feedback in a way that is efficient effective and unbiased especially for highly subjective human preferences and values and we encourage a better future of feedback learning in llms by raising five unresolved conceptual and practical challenges,3
"The Troubling Emergence of Hallucination in Large Language Models - An Extensive Definition, Quantification, and Prescriptive Remediations",the issue of hallucination has parallelly emerged as a byproduct posing significant concerns and we propose two solution strategies for mitigating hallucinations,0
The Skipped Beat: A Study of Sociopragmatic Understanding in LLMs for 64 Languages,our comprehensive analysis reveals that existing opensource instruction tuned llms still struggle to understand sm across various languages performing close to a random baseline in some cases we also find that although chatgpt outperforms many llms it still falls behind taskspecific finetuned models with a gap of  sparrow score,4
Understanding the Effect of Model Compression on Social Bias in Large Language Models,large language models llms trained with selfsupervision on vast corpora of web text fit to the social biases of that text without intervention these social biases persist in the modelâs predictions in downstream tasks leading to representational harm,5
Critic-Driven Decoding for Mitigating Hallucinations in Data-to-text Generation,hallucination of text ungrounded in the input is a wellknown problem in neural datatotext generation,0
API-Bank: A Comprehensive Benchmark for Tool-Augmented LLMs,however three pivotal questions remain unanswered,0
Evaluating Large Language Models on Controlled Generation Tasks,large language models struggle at meeting finegrained hard constraints,4
Oolong: Investigating What Makes Transfer Learning Hard with Controlled Studies,we find that models can largely recover from syntacticstyle shifts but cannot recover from vocabulary misalignment and embedding matrix reinitialization even with continued pretraining on  million tokens,2
The Curious Case of Hallucinatory (Un)answerability: Finding Truths in the Hidden States of Over-Confident Large Language Models,a primary issue arising in this context is the management of unanswerable queries by llms which often results in hallucinatory behavior due to overconfidence,6
ROBBIE: Robust Bias Evaluation of Large Generative Language Models,we must develop comprehensive enough tools to measure and improve their fairness and testing llms on more datasets can potentially help us characterize their biases more fully and we explore the frequency of demographic terms in common llm pretraining corpora and how this may relate to model biases,5
Adapting Language Models to Compress Contexts,transformerbased language models lms are powerful and widelyapplicable tools but their usefulness is constrained by a finite context window and the expensive computational cost of processing long text documents,4
Large Language Models are Temporal and Causal Reasoners for Video Question Answering,however such priors often cause suboptimal results on videoqa by leading the model to overrely on questions ie linguistic bias while ignoring visual content this is also known as âungrounded guessesâ or âhallucinationsâ,6
TrojanSQL: SQL Injection against Natural Language Interface to Database,experimental results demonstrate that both mediumsized models based on finetuning and llmbased parsers using prompting techniques are vulnerable to this type of attack with attack success rates as high as  and  respectively,7
Preserving Privacy Through Dememorization: An Unlearning Technique For Mitigating Memorization Risks In Language Models,llms have shown the ability to memorize and reproduce portions of their training data when prompted by adversaries prior research has focused on addressing this memorization issue and preventing verbatim replication through techniques like knowledge unlearning and data preprocessing however these methods have limitations regarding the number of protected samples limited privacy types and potentially lowerquality generative models,4
Meta-Learning Online Adaptation of Language Models,the knowledge in static language models falls out of date limiting the modelâs effective shelf life while online finetuning can reduce this degradation we find that naively finetuning on a stream of documents leads to a low level of information uptake,2
Noisy Exemplars Make Large Language Models More Robust: A Domain-Agnostic Behavioral Analysis,we find that models are more sensitive to certain perturbations such as replacing words with their synonyms,2
Can Large Language Models Capture Dissenting Human Voices?,we show llms exhibit limited ability in solving nli tasks and simultaneously fail to capture human disagreement distribution the inference and human alignment performances plunge even further on data samples with high human disagreement levels raising concerns about their natural language understanding nlu ability and their representativeness to a larger human population,1
Merging Generated and Retrieved Knowledge for Open-Domain QA,retrieving passages from a given source is known to suffer from insufficient knowledge coverage and llms tend to hallucinate content that conflicts with the retrieved knowledge,6
Ignore This Title and HackAPrompt: Exposing Systemic Vulnerabilities of LLMs Through a Global Prompt Hacking Competition,these deployments are increasingly plagued by prompt injection and jailbreaking collectively prompt hacking in which models are manipulated to ignore their original instructions and instead follow potentially malicious ones,7
Prompting is not a substitute for probability measurements in large language models,broadly we find that llmsâ metalinguistic judgments are inferior to quantities directly derived from representations furthermore consistency gets worse as the prompt query diverges from direct measurements of nextword probabilities,1
"The Effect of Scaling, Retrieval Augmentation and Form on the Factual Consistency of Language Models",large language models llms make natural interfaces to factual knowledge but their usefulness is limited by their tendency to deliver inconsistent answers to semantically equivalent questions,4
HyperRouter: Towards Efficient Training and Inference of Sparse Mixture of Experts,however this strategy has two key limitations,3
"Fine-tuned LLMs Know More, Hallucinate Less with Few-Shot Sequence-to-Sequence Semantic Parsing over Wikidata",while large language models llms can answer many questions correctly they can also hallucinate and give wrong answers,6
Beyond Factuality: A Comprehensive Evaluation of Large Language Models as Knowledge Generators,community concerns abound regarding the factuality and potential implications of using this uncensored knowledge and surprisingly our study reveals that the factuality of generated knowledge even if lower does not significantly hinder downstream tasks,7
Compressing Context to Enhance Inference Efficiency of Large Language Models,however they face challenges in managing long documents and extended conversations due to significantly increased computational requirements both in memory and inference time and potential context truncation when the input exceeds the llmâs fixed context length,4
Can You Follow Me? Testing Situational Understanding for ChatGPT,previous works have identified certain su limitations in nonchatbot large language models llms and find that despite the fundamental simplicity of the task the modelâs performance reflects an inability to retain correct environment states across time and performance degradation is largely because chatgpt has nonpersistent incontext memory although it can access the full dialogue history and it is susceptible to,4
HaluEval: A Large-Scale Hallucination Evaluation Benchmark for Large Language Models,large language models llms such as chatgpt are prone to generate hallucinations ie content that conflicts with the source or cannot be verified by the factual knowledge and moreover existing llms face great challenges in recognizing the hallucinations in texts,6
Enabling Large Language Models to Generate Text with Citations,their generated outputs are prone to hallucination and current systems have considerable room for improvementâfor example on the eli dataset even the best models lack complete citation support  of the time,6
Counting the Bugs in ChatGPTâ€™s Wugs: A Multilingual Investigation into the Morphological Capabilities of a Large Language Model,we find that chatgpt massively underperforms purposebuilt systems particularly in english overall our resultsâthrough the lens of morphologyâcast a new light on the linguistic capabilities of chatgpt suggesting that claims of humanlike language skills are premature and misleading,2
MAF: Multi-Aspect Feedback for Improving Reasoning in Large Language Models,however when it comes to natural language reasoning lms still face challenges such as hallucination generating incorrect intermediate reasoning steps and making mathematical errors,6
Do Language Models Have a Common Sense regarding Time? Revisiting Temporal Commonsense Reasoning in the Era of Large Language Models,our findings reveal a nuanced depiction of the capabilities and limitations of the models within temporal reasoning offering a comprehensive reference for future research in this pivotal domain,2
Evaluation of African American Language Bias in Natural Language Generation,we present evidence of dialectal bias for six pretrained llms through performance gaps on these tasks,1
An Investigation of LLMsâ€™ Inefficacy in Understanding Converse Relations,the results suggest that llms often resort to shortcut learning and still face challenges on our proposed benchmark,3
HiddenTables and PyQTax: A Cooperative Game and Dataset For TableQA to Ensure Scale and Data Privacy Across a Myriad of Taxonomies,a myriad of different large language models llms face a common challenge in contextually analyzing table questionanswering tasks these challenges are engendered from  finite context windows for large tables  multifaceted discrepancies amongst tokenization patterns against cell boundaries and  various limitations stemming from data confidentiality in the process of using external models such as,4
"Speak, Memory: An Archaeology of Books Known to ChatGPT/GPT-4",the ability of these models to memorize an unknown set of books complicates assessments of measurement validity for cultural analytics by contaminating test data we show that models perform much better on memorized books than on nonmemorized books for downstream tasks,2
Copyright Violations and Large Language Models,this work explores the issue of copyright violations and large language models through the lens of verbatim memorization focusing on possible redistribution of copyrighted text,5
Symbolic Planning and Code Generation for Grounded Dialogue,llms have had limited applicability in grounded taskoriented dialogue as they are difficult to steer toward task objectives and fail to handle novel grounding,3
Have LLMs Advanced Enough? A Challenging Problem Solving Benchmark For Large Language Models,the typical failure modes of gpt the best model are errors in algebraic manipulation difficulty in grounding abstract concepts into mathematical equations accurately and failure in retrieving relevant domainspecific concepts,2
Task-Agnostic Low-Rank Adapters for Unseen English Dialects,large language models llms are trained on corpora disproportionally weighted in favor of standard american english as a result speakers of other dialects experience significantly more failures when interacting with these technologies,5
Federated Learning of Large Language Models with Parameter-Efficient Prompt Tuning and Adaptive Optimization,the training process of large language models llms generally incurs the update of significant parameters which limits the applicability of fl techniques to tackle the llms in real scenarios and prompt tuning can significantly reduce the number of parameters to update but it either incurs performance degradation or low training efficiency and the decentralized data is generally nonindependent and identically distributed,4
Active Retrieval Augmented Generation,despite the remarkable ability of large language models lms to comprehend and generate language they have a tendency to hallucinate and create factually inaccurate output,6
Reasoning with Language Model is Planning with World Model,however llms can still struggle with problems that are easy for humans such as generating action plans for executing tasks or performing complex math or logical reasoning this is due to llmsâ absence of an internal world model for predicting world states eg environment status variable values and simulating,1
This is not a Dataset: A Large Negation Benchmark to Challenge Large Language Models,they fail to interpret negation a crucial step in natural language processing and our findings show that while llms are proficient at classifying affirmative sentences they struggle with negative sentences and lack a deep understanding of negation often relying on superficial cues and the lack of generalization in handling negation is persistent highlighting the ongoing challenges of llms,1
SOUL: Towards Sentiment and Opinion Understanding of Language,experimental results indicate that soul is a challenging task for both small and large language models with a performance gap of up to  when compared to human performance furthermore evaluations conducted with both human experts and gpt highlight the limitations of the small language model in generating reasoningbased justifications,2
Detecting and Mitigating Hallucinations in Multilingual Summarisation,hallucinations pose a significant challenge to the reliability of neural models for abstractive summarisation and we assess a broad range of multilingual large language models and find that they all tend to hallucinate often in languages different from english,0
EasyQuant: An Efficient Data-free Quantization Algorithm for LLMs,however their expensive computations and high memory requirements are prohibitive for deployment and the quantized model was calibrated using few samples from the training data which might affect the generalization of the quantized llms to unknown cases and tasks,4
EpiK-Eval: Evaluation for Language Models as Epistemic Models,evaluations across various llms reveal significant weaknesses in this domain and we contend that these shortcomings stem from the intrinsic nature of prevailing training objectives,3
Large Language Models are biased to overestimate profoundness,however llms systematically overestimate the profoundness of nonsensical statements and this work provides insights into the potential biases induced by reinforcement learning from human feedback rlhf inducing an increase in the bias to overestimate the profoundness of statements,1
SummEdits: Measuring LLM Ability at Factual Reasoning Through The Lens of Summarization,most llms struggle on summedits with performance close to random chance the bestperforming model gpt is still  below estimated human performance highlighting the gaps in llmsâ ability to reason about facts and detect inconsistencies when they occur,1
Do All Languages Cost the Same? Tokenization in the Era of Commercial Language Models,we show evidence that speakers of a large number of the supported languages are overcharged while obtaining poorer results,2
Appraising the Potential Uses and Harms of LLMs for Medical Systematic Reviews,however llms sometimes generate inaccurate and potentially misleading texts by hallucination or omission in healthcare this can make llms unusable at best and dangerous at worst and they also raised concerns regarding confidently composed but inaccurate llm outputs and other potential downstream harms including decreased accountability and proliferation of lowquality reviews,6
Large Language Models Meet Open-World Intent Discovery and Recognition: An Evaluation of ChatGPT,we summarize and discuss the challenges faced by llms including clustering domainspecific understanding and crossdomain incontext learning scenarios,3
Improving Diversity of Demographic Representation in Large Language Models via Collective-Critiques and Self-Voting,a crucial challenge for generative large language models llms is diversity,5
Hidding the Ghostwriters: An Adversarial Evaluation of AI-Generated Student Essay Detection,the utilization of these models carries inherent risks including but not limited to plagiarism the dissemination of fake news and issues in educational exercises and the existing detectors can be easily circumvented using straightforward automatic adversarial attacks,7
Synthetic Data Generation with Large Language Models for Text Classification: Potential and Limitations,the effectiveness of the llmgenerated synthetic data in supporting model training is inconsistent across different classification tasks and subjectivity at both the task level and instance level is negatively associated with the performance of the model trained on synthetic data,3
Learning from Mistakes via Cooperative Study Assistant for Large Language Models,however the feedback from llm itself is often inaccurate thereby limiting its benefits,3
Conceptor-Aided Debiasing of Large Language Models,pretrained large language models llms reflect the inherent social biases of their training corpus and many methods have been proposed to mitigate this issue but they often fail to debias or they sacrifice model accuracy,5
CoMPosT: Characterizing and Evaluating Caricature in LLM Simulations,there is growing concern that these llm simulations are flattened caricatures of the personas that they aim to simulate failing to capture the multidimensionality of people and perpetuating stereotypes,5
Revisiting the Knowledge Injection Frameworks,we find that injecting unaligned ie random knowledge tuple into the llms achieves comparable and sometimes better results than the aligned knowledge being injected and how to adapt these llms to better suit the vertical domainspecific tasks by utilizing external knowledge remains not completely solved,3
Polyglot or Not? Measuring Multilingual Encyclopedic Knowledge in Foundation Models,an analysis of llamaâs errors reveals significant limitations in its ability to recall facts in languages other than english plus difficulties related to the location and gender of fact subjects,1
Integrating Language Models into Direct Speech Translation: An Inference-Time Solution to Control Gender Inflection,the existing solutions to do so though effective are hardly feasible in practice as they involve dedicated model retraining on genderlabeled st data,7
StoryAnalogy: Deriving Story-level Analogies from Large Language Models to Unlock Analogical Understanding,interestingly we find that the analogy identification tasks are incredibly difficult not only for sentence embedding models but also for the recent large language models llms such as chatgpt and llama,4
An Empirical Study of Translation Hypothesis Ensembling with Large Language Models,large language models llms are becoming a onefitsmany solution but they sometimes hallucinate or produce unreliable output,4
FActScore: Fine-grained Atomic Evaluation of Factual Precision in Long Form Text Generation,evaluating the factuality of longform text generated by large language models lms is nontrivial because  generations often contain a mixture of supported and unsupported pieces of information making binary judgments of quality inadequate and  human evaluation is timeconsuming,4
Calc-X and Calcformers: Empowering Arithmetical Chain-of-Thought through Interaction with Symbolic Systems,language models are notoriously inclined to make factual errors in tasks requiring arithmetic computation,2
StereoMap: Quantifying the Awareness of Human-like Stereotypes in Large Language Models,large language models llms have been observed to encode and perpetuate harmful associations present in the training data and this study contributes to the understanding of how llms perceive and represent social groups shedding light on their potential biases and the perpetuation of harmful associations,5
Large Language Models Only Pass Primary School Exams in Indonesia: A Comprehensive Test on IndoMMLU,our empirical evaluations show that gpt only manages to pass the indonesian primary school level with limited knowledge of local indonesian languages and culture,2
Large Language Models: The Need for Nuance in Current Debates and a Pragmatic Perspective on Understanding,critically assess three points recurring in critiques of llm capacities,3
Question Answering as Programming for Solving Time-Sensitive Questions,our experiments reveal that the aforementioned problems still pose a significant challenge to existing llms this can be attributed to the llmsâ inability to perform rigorous reasoning based on surfacelevel text semantics,1
Context Compression for Auto-regressive Transformers with Sentinel Tokens,the quadratic complexity of the attention module makes it gradually become the bulk of compute in transformerbased llms during generation moreover the excessive keyvalue cache that arises when dealing with long inputs also brings severe issues on memory footprint and inference latency,4
MoPe: Model Perturbation based Privacy Attacks on Language Models,recent work has shown that large language models llms can unintentionally leak sensitive information present in their training data,5
Empower Nested Boolean Logic via Self-Supervised Curriculum Learning,we find that any pretrained language models even including large language models only behave like a random selector in the face of multinested boolean logic a task that humans can handle with ease,2
KCTS: Knowledge-Constrained Tree Search Decoding with Token-Level Hallucination Detection,large language models llms have demonstrated remarkable humanlevel natural language generation capabilities however their potential to generate misinformation often called the hallucination problem poses a significant risk to their deployment,6
Language Models with Rationality,this lack of interpretability is a growing impediment to widespread use of llms and resolve inconsistencies that may exist,3
Mitigating Temporal Misalignment by Discarding Outdated Facts,while large language models are able to retain vast amounts of world knowledge seen during pretraining such knowledge is prone to going out of date and is nontrivial to update,4
FANToM: A Benchmark for Stress-testing Machine Theory of Mind in Interactions,we show that fantom is challenging for stateoftheart llms which perform significantly worse than humans even with chainofthought reasoning or finetuning,3
Assessing Step-by-Step Reasoning against Lexical Negation: A Case Study on Syllogism,we observed that dozens of modern llms were not robust against lexical negation eg plausibleâimplausible when performing cotstyle reasoning and the results highlight unique limitations in each llm family,1
Dr ChatGPT tell me what I want to hear: How different prompts impact health answer correctness,reveal that knowledge passed in the prompt can bias the model to the detriment of answer correctness,2
CRAB: Assessing the Strength of Causal Relationships Between Real-world Events,find that models perform worse on causal reasoning when events are derived from complex causal structures compared to simple linear causal chains,2
Hallucination Detection for Generative Large Language Models by Bayesian Sequential Estimation,the propensity of llms to generate inaccurate or nonfactual content termed âœhallucinationsâ remains a significant challenge,6
MQuAKE: Assessing Knowledge Editing in Language Models via Multi-Hop Questions,current knowledgeediting approaches can recall edited facts accurately they fail catastrophically on the constructed multihop questions,2
Consistency Analysis of ChatGPT,prompt designing fewshot learning and employing larger large language models llms are unlikely to be the ultimate solution to resolve the inconsistency issue of llms,4
Mitigating Societal Harms in Large Language Models,we will provide an overview of potential social issues in language generation including toxicity social biases misinformation factual inconsistency and privacy violations,7
H2O Open Ecosystem for State-of-the-art Large Language Models,llms represent a revolution in ai however they also pose many significant risks such as the presence of biased private copyrighted or harmful text,5
FLEEK: Factual Error Detection and Correction with Evidence Retrieved from External Knowledge,llmsâ inability to attribute their claims to external knowledge and their tendency to hallucinate makes it difficult to rely on their responses,6
CLEVA: Chinese Language Models EVAluation Platform,the absence of a comprehensive chinese benchmark that thoroughly assesses a modelâs performance the unstandardized and incomparable prompting procedure and the prevalent risk of contamination pose major challenges in the current evaluation of chinese llms,3
LM-Polygraph: Uncertainty Estimation for Language Models,however a significant challenge arises as these models often âœhallucinateâ ie fabricate facts without providing users an apparent means to discern the veracity of their statements,6
CarExpert: Leveraging Large Language Models for In-Car Conversational Question Answering,leveraging llms for domainspecific question answering suffers from severe limitations the generated answer tends to hallucinate due to the training data collection time when using offtheshelf complex user utterance and wrong retrieval in retrievalaugmented generation furthermore due to the,6
DELPHI: Data for Evaluating LLMsâ€™ Performance in Handling Controversial Issues,this dataset presents challenges concerning knowledge recency safety fairness and bias,7
Assessing Logical Puzzle Solving in Large Language Models: Insights from a Minesweeper Case Study,despite these advancements it remains an open question whether llms are fundamentally capable of reasoning and planning or if they primarily rely on recalling and synthesizing information from their training data and our experiments including trials with the advanced gpt model indicate that while llms possess the foundational abilities required for this task they struggle to integrate these into a coherent,1
Measuring and Improving Chain-of-Thought Reasoning in Vision-Language Models,even the bestperforming model is unable to demonstrate strong visual reasoning capabilities and consistency indicating that substantial efforts are required to enable vlms to perform visual reasoning as systematically and consistently as humans,2
Head-to-Tail: How Knowledgeable are Large Language Models (LLMs)? A.K.A. Will LLMs Replace Knowledge Graphs?,we show that existing llms are still far from being perfect in terms of their grasp of factual knowledge especially for facts of torsototail entities,3
Embrace Divergence for Richer Insights: A Multi-document Summarization Benchmark and a Case Study on Summarizing Diverse Information from News Articles,our analyses suggest that despite the extraordinary capabilities of llms in singledocument summarization the proposed task remains a complex challenge for them mainly due to their limited coverage with gpt only able to cover under  of the diverse information on average,1
An Examination of the Compositionality of Large Generative Vision-Language Models,we identify the syntactical bias in current benchmarks which is exploited by the linguistic capability of gvlms the bias renders visualgptscore an insufficient metric for assessing gvlms,3
Assessing Factual Reliability of Large Language Model Knowledge,the factual knowledge of llms is typically evaluated using accuracy yet this metric does not capture the vulnerability of llms to hallucinationinducing factors like prompt and context variability,6
A Closer Look at the Self-Verification Abilities of Large Language Models in Logical Reasoning,despite significant advancements made by large language models llms they still struggle with complex logical reasoning problems and our main findings suggest that existing llms could struggle to identify fallacious reasoning steps accurately and may fall short of guaranteeing the validity of selfverification methods,1
On Large Language Modelsâ€™ Hallucination with Regard to Known Facts,large language models are successful in answering factoid questions but are also prone to hallucination and we investigate the phenomenon of llms possessing correct answer knowledge yet still hallucinating from the perspective of inference dynamics,6
"Language Models Hallucinate, but May Excel at Fact Verification",llms frequently âœhallucinateâ resulting in nonfactual outputs and analyze the reliance of these llms on highquality evidence as well as their deficiencies in robustness and generalization ability,6
Ensuring Safe and High-Quality Outputs: A Guideline Library Approach for Language Models,large language models llms exhibit impressive capabilities but also present risks such as biased content generation and privacy issues,5
"E5: Zero-shot Hierarchical Table Analysis using Augmented LLMs via Explain, Extract, Execute, Exhibit and Extrapolate",their application to hierarchical tables is constrained by the reliance on manually curated exemplars and the modelâs token capacity limitations,2
"S3Eval: A Synthetic, Scalable, Systematic Evaluation Suite for Large Language Model",the rapid development of large language models llms has led to great strides in model capabilities like longcontext understanding and reasoning however as llms are able to process longer contexts it becomes more challenging to evaluate whether they have acquired certain capabilities since the length,4
MMC: Advancing Multimodal Chart Understanding with Large-scale Instruction Tuning,extensive experiments on mmcbenchmark reveal the limitations of existing lmms on correctly interpreting charts even for the most recent gptv model,3
Large Language Models Help Humans Verify Truthfulness â€“ Except When They Are Convincingly Wrong,users reading llm explanations are significantly more efficient than those using search engines while achieving similar accuracy however they overrely on the llms when the explanation is wrong and natural language explanations by llms may not be a reliable replacement for reading the retrieved,1
SELF-GUARD: Empower the LLM to Safeguard Itself,safety training involves finetuning the llm with adversarial samples which activate the llmâs capabilities against jailbreak however it is not always effective in countering new attacks and often leads to potential performance degradation and safeguards on the other hand are methods using,7
MART: Improving LLM Safety with Multi-round Automatic Red-Teaming,redteaming is a common practice for mitigating unsafe behaviors in large language models llms which involves thoroughly assessing llms to identify potential flaws and addressing them with responsible and accurate responses while effective manual redteaming is costly and existing automatic redteaming typically discovers safety risks,7
Are Multilingual LLMs Culturally-Diverse Reasoners? An Investigation into Multicultural Proverbs and Sayings,our experiments reveal that,2
The Colorful Future of LLMs: Evaluating and Improving LLMs as Emotional Supporters for Queer Youth,however they tend to be generic not empathetic enough and lack personalization resulting in nonreliable and potentially harmful advice,7
ReTA: Recursively Thinking Ahead to Improve the Strategic Reasoning of Large Language Models,experimental results demonstrate that existing stateoftheart llms and reasoning schemes are largely ineffective for strategic reasoning tasks,3
"First Tragedy, then Parse: History Repeats Itself in the New Era of Large Language Models",we argue that disparities in scale are transient and researchers can work to reduce them that data rather than hardware is still a bottleneck for many applications that meaningful realistic evaluation is still an open problem and that there is still room for speculative approaches,3
Found in the Middle: Permutation Self-Consistency Improves Listwise Ranking in Large Language Models,large language models llms exhibit positional bias in how they use context which especially affects listwise ranking,4
How Well Do Large Language Models Truly Ground?,to reduce issues like hallucinations and lack of control in large language models llms and we perform experiments across  llms of different sizes and training methods and provide insights into factors that influence grounding performance,4
How Trustworthy are Open-Source LLMs? An Assessment under Malicious Demonstrations Shows their Vulnerabilities,however there is still a limited understanding of their trustworthiness and scrutinizing them across eight different aspects including toxicity stereotypes ethics hallucination fairness sycophancy privacy and robustness against adversarial demonstrations and our result analysis reveals that models with superior performance in general nlp tasks do not always have greater trustworthiness in fact larger,7
Paraphrase and Solve: Exploring and Exploiting the Impact of Surface Form on Mathematical Reasoning in Large Language Models,we find that subtle alterations in the surface form can significantly impact the answer distribution and the solve rate exposing the language modelâs lack of robustness and sensitivity to the surface form in reasoning through complex problems,2
Do Localization Methods Actually Localize Memorized Data in LLMs? A Tale of Two Benchmarks,methods for localization have never been systematically and directly evaluated and even successful methods identify neurons that are not specific to a single memorized sequence,0
Fair Abstractive Summarization of Diverse Perspectives,experiments show that both the modelgenerated and the humanwritten reference summaries suffer from low fairness,2
Confronting LLMs with Traditional ML: Rethinking the Fairness of Large Language Models in Tabular Classifications,llms have been shown to exhibit harmful social biases that reflect the stereotypes and inequalities present in society and llms tend to inherit social biases from their training data which significantly impact their fairness in tabular classification tasks and the social,5
Ada-LEval: Evaluating long-context LLMs with length-adaptable benchmarks,the evaluation results demonstrate the limitations of current llms especially in ultralongcontext settings,3
TRAQ: Trustworthy Retrieval Augmented Question Answering via Conformal Prediction,large language models llms frequently generate incorrect responses based on madeup facts which are called hallucinations,6
On-the-fly Definition Augmentation of LLMs for Biomedical NER,despite their general capabilities llms still struggle on biomedical ner tasks which are difficult due to the presence of specialized terminology and lack of training data,1
"This Land is Your, My Land: Evaluating Geopolitical Bias in Language Models through Territorial Disputes",we show that llms recall certain geographical knowledge inconsistently when queried in different languagesâa phenomenon we term geopolitical bias and use the proposed metrics to discover numerous inconsistencies in how these models respond in different languages and highlights how brittle llms are and how they tailor their responses depending on cues from the interaction context,1
Towards Improved Multi-Source Attribution for Long-Form Answer Generation,current llms struggle with attribution for longform responses which require reasoning over multiple evidence sources,3
Can Knowledge Graphs Reduce Hallucinations in LLMs? : A Survey,the contemporary llms are prone to producing hallucinations stemming mainly from the knowledge gaps within the models,6
LM-Infinite: Zero-Shot Extreme Length Generalization for Large Language Models,todayâs large language models llms typically train on short text segments eg k tokens due to the quadratic complexity of their transformer architectures as a result their performance suffers drastically on inputs longer than those encountered during training substantially limiting their applications in realworld,4
Enhancing Contextual Understanding in Large Language Models through Contrastive Decoding,large language models llms tend to inadequately integrate input context during text generation relying excessively on encoded prior knowledge in model parameters potentially resulting in generated text with factual inconsistencies or contextually unfaithful content,4
Fixing Rogue Memorization in Many-to-One Multilingual Translators of Extremely-Low-Resource Languages by Rephrasing Training Samples,however we also found that manytoone multilingual systems have a tendency to learn a rogue strategy of storing output strings from the training data in the llm structure and retrieving them instead of performing actual translations,2
Flames: Benchmarking Value Alignment of LLMs in Chinese,there is still a significant gap in llmsâ deeper alignment with human values and achieving genuine harmlessness and our findings indicate that all the evaluated llms demonstrate relatively poor performance on flames particularly in the safety and fairness dimensions,3
Effective Long-Context Scaling of Foundation Models,we delve into llamaâs position encodings and discuss its key limitation in modeling long data,4
Aligning as Debiasing: Causality-Aware Alignment via Reinforcement Learning with Interventional Feedback,large language models llms often generate biased outputs containing offensive toxic or stereotypical text,5
Fake Alignment: Are LLMs Really Aligned Well?,this study investigates an underexplored issue about the evaluation of llms namely the substantial discrepancy in performance between multiplechoice questions and openended questions,3
"In-context Learning Generalizes, But Not Always Robustly: The Case of Syntax",do models guided via icl infer the underlying structure of the task defined by the context or do they rely on superficial heuristics that only generalize to identically distributed examples and we find large variance across lms the variance is explained more by the composition of the pre,2
Stealthy and Persistent Unalignment on Large Language Models via Backdoor Injections,while being effective such finetuningbased unalignment approaches also have their own limitations,3
You donâ€™t need a personality test to know these models are unreliable: Assessing the Reliability of Large Language Models on Psychometric Instruments,our experiments on  different llms reveal that even simple perturbations significantly downgrade a modelâs questionanswering ability and that most llms have low negation consistency,1
MacGyver: Are Large Language Models Creative Problem Solvers?,in contrast llms exposed to a variety of specialized knowledge attempt broader problems but fail by proposing physicallyinfeasible actions and finally we provide a detailed error analysis of llms and demonstrate the potential of enhancing their problemsolving ability with novel prompting techniques such as iterative step,1
Enhancing Large Language Models Against Inductive Instructions with Dual-critique Prompting,we uncovered a universal vulnerability among llms in processing inductive instructions,3
XSTest: A Test Suite for Identifying Exaggerated Safety Behaviours in Large Language Models,without proper safeguards large language models will readily follow malicious instructions and generate toxic content and we use the test suite to highlight systematic failure modes in stateoftheart language models as well as more general challenges in building safer language models,7
Understanding the Capabilities and Limitations of Large Language Models for Cultural Commonsense,llms have a significant discrepancy in performance when tested on culturespecific commonsense knowledge for different cultures and llmsâ general commonsense capability is affected by cultural context and the language used to query the llms can impact their performance on culturalrelated tasks,1
Do Large Language Models Rank Fairly? An Empirical Study on the Fairness of LLMs as Rankers,however their fairness remains largely unexplored and our analysis delves into how these llms handle queries and documents related to these attributes aiming to uncover biases in their ranking algorithms,3
TabSQLify: Enhancing Reasoning Capabilities of LLMs Through Table Decomposition,large language models llms have shown impressive capabilities in natural language understanding and generation but they often struggle with large tables due to their limited input length,4
RESPROMPT: Residual Connection Prompting Advances Multi-Step Reasoning in Large Language Models,chainofthought cot has impressively unlocked the reasoning potential of large language models llms yet it falls short when tackling problems that require multiple reasoning steps this limitation arises from the complex nature of multistep reasoning processes,4
Exploring the Factual Consistency in Dialogue Comprehension of Large Language Models,our evaluation shows that on average  of the summaries generated by llms contain factual inconsistency even chatgpt the strongest model evaluated has such errors in  of its summaries for answering the factual questions which is more challenging the,1
"Multilingual Pretraining and Instruction Tuning Improve Cross-Lingual Knowledge Alignment, But Only Shallowly",current large language models show imbalance abilities in different languages and the overall crosslingual knowledge alignment especially in the conductivity level is unsatisfactory for all tested llms and neither multilingual pretraining nor instruction tuning can substantially improve the crosslingual knowledge conductivity,4
Effective Large Language Model Adaptation for Improved Grounding and Citation Generation,however one major issue towards their widespread deployment in the real world is that they can generate hallucinated answers that are not factual,6
Grounding Gaps in Language Model Generations,we find thatâcompared to humansâllms generate language with less conversational grounding instead generating text that appears to simply presume common ground,1
Global Gallery: The Fine Art of Painting Culture Portraits through Multilingual Instruction Tuning,they also uncover inconsistencies and biases particularly in nonwestern cultures,0
ContraDoc: Understanding Self-Contradictions in Documents with Large Language Models,while gpt performs the best and can outperform humans on this task we find that it is still unreliable and struggles with selfcontradictions that require more nuance and context,2
A Survey of Confidence Estimation and Calibration in Large Language Models,despite their impressive performance they can be unreliable due to factual errors in their generations and we outline the challenges and we summarize recent technical advancements for llm confidence estimation and calibration,3
"Attacks, Defenses and Evaluations for LLM Conversation Safety: A Survey",however their risks of misuse for generating harmful responses have raised serious societal concerns and spurred recent research on llm conversation safety,7
Mindâ€™s Mirror: Distilling Self-Evaluation Capability and Comprehensive Thinking from Large Language Models,the massive scale and computational demands of these models present formidable challenges when considering their practical deployment in resourceconstrained environments and there is a risk that distilled slms may still inherit flawed reasoning and hallucinations from llms,6
Beyond Performance: Quantifying and Mitigating Label Bias in LLMs,however recent work revealed they also exhibit label biasâan undesirable preference toward predicting certain answers over others and our investigation reveals substantial label bias in models both before and after debiasing attempts and our results emphasize that label bias in the predictions of llms remains a barrier to their reliability,5
Instructing Large Language Models to Identify and Ignore Irrelevant Conditions,however they were seriously confused by the irrelevant conditions resulting in low accuracy,2
Knowing What LLMs DO NOT Know: A Simple Yet Effective Self-Detection Method,recent literature reveals that llms hallucinate intermittently which impedes their reliability for further utilization,6
Are Large Language Model Temporally Grounded?,generally we find that llms lag significantly behind both human performance as well as smallscale specialised lms and crucially llms struggle the most with selfconsistency displaying incoherent behaviour in at least  of their predictions and moreover public instruction,1
R-Tuning: Instructing Large Language Models to Say â€˜I Donâ€™t Knowâ€™,a predominant issue is the propensity for these models to generate nonexistent facts a concern termed hallucination and when the question is out of the parametric knowledge it will try to make up something and fail to indicate when it lacks knowledge,6
LeanReasoner: Boosting Complex Logical Reasoning with Lean,large language models llms often struggle with complex logical reasoning due to logical inconsistencies and the inherent difficulty of such reasoning,4
UICoder: Finetuning Large Language Models to Generate User Interface Code through Automated Feedback,many large language models llms struggle to consistently generate ui code that compiles and produces visually relevant designs,4
Deceptive Semantic Shortcuts on Reasoning Chains: How Far Can Models Go without Hallucination?,despite the high performances of large language models llms across numerous benchmarks recent research has unveiled their suffering from hallucinations and unfaithful reasoning and experiments show that existing llms cannot follow correct reasoning paths and resist the attempt of greedy shortcuts with gpt only achieving  accuracy,4
Learning to Compress Prompt in Natural Language Formats,large language models llms are great at processing multiple natural language processing tasks but their abilities are constrained by inferior performance with long context slow inference speed and the high cost of computing the results,4
Naive Bayes-based Context Extension for Large Language Models,conventional incontext learning icl approaches are often impeded by length limitations of transformer architecture which pose challenges when attempting to effectively integrate supervision from a substantial number of demonstration examples,4
Branch-Solve-Merge Improves Large Language Model Evaluation and Generation,however their performance can fall short due to the modelâs lack of coherence and inability to plan and decompose the problem,2
Evaluating the Deductive Competence of Large Language Models,the tested llms have limited abilities to solve these problems in their conventional form and overall our results suggest that llms have unique reasoning biases that are only partially predicted from human reasoning performance and the humangenerated language corpora that informs them,1
Large Human Language Models: A Need and the Challenges,at the same time our nlp systems have become heavily reliant on llms most of which do not model authors and this brings to the fore a range of design considerations and challenges in terms of what human aspects to capture how to represent them and what modeling strategies to pursue,1
Hallucination Diversity-Aware Active Learning for Text Summarization,large language models llms have shown propensity to generate hallucinated outputs ie texts that are factually incorrect or unsupported and existing methods for alleviating hallucinations typically require costly human annotations to identify and correct hallucinations in llm outputs,6
Investigating Data Contamination in Modern Benchmarks for Large Language Models,recent observations have underscored a disparity between the inflated benchmark scores and the actual performance of llms raising concerns about potential contamination of evaluation benchmarks,3
IndiBias: A Benchmark Dataset to Measure Social Biases in Language Models for Indian Context,the pervasive influence of social biases in language data has sparked the need for benchmark datasets that capture and evaluate these biases in large language models llms and we observed that the language models exhibit more bias across a majority of the intersectional groups,5
Revisiting Zero-Shot Abstractive Summarization in the Era of Large Language Models from the Perspective of Position Bias,position bias captures the tendency of a model unfairly prioritizing information from certain parts of the input text over others leading to undesirable behavior,5
Struc-Bench: Are Large Language Models Good at Generating Complex Structured Tabular Data?,producing complex structured tabular data remains challenging and indepth error analysis and creating an ability map across six dimensions coverage formatting reasoning comprehension pragmatics and hallucination highlight areas for future enhancements and suggest forthcoming research trajectories,0
Advancing the Robustness of Large Language Models through Self-Denoised Smoothing,although large language models llms have achieved significant success their vulnerability to adversarial perturbations including recent jailbreak attacks has raised considerable concerns,7
Lost in Space: Probing Fine-grained Spatial Understanding in Vision and Language Resamplers,more finegrained tasks that require spatial understanding have not been thoroughly examined and our results show that this information is largely absent from the resampler output when kept frozen during training of the classifiers,2
The Impact of Language on Arithmetic Proficiency: A Multilingual Investigation with Cross-Agent Checking Computation,this paper critically examines the arithmetic capabilities of large language models llms uncovering significant limitations in their performance,4
Removing RLHF Protections in GPT-4 via Fine-Tuning,finetuning allows attackers to remove rlhf protections with as few as  examples and a  success rate and our results show the need for further research on protections on llms,3
MuLan: A Study of Fact Mutability in Language Models,we hypothesize that mutable facts are encoded differently than immutable ones hence being easier to update in a detailed evaluation of six popular large language models we consistently find differences in the llmsâ confidence representations and update behavior depending on the mutability of a fact,1
DIALIGHT: Lightweight Multilingual Development and Evaluation of Task-Oriented Dialogue Systems with Large Language Models,we also identify significant challenges of llms in adherence to taskspecific instructions and generating outputs in multiple languages highlighting areas for future research,3
OpinionGPT: Modelling Explicit Biases in Instruction-Tuned LLMs,an open research question concerns the inherent biases of trained models and their responses and current research work seeks to debias such models or suppress potentially biased answers,2
Exploring Inherent Biases in LLMs within Korean Social Context: A Comparative Analysis of ChatGPT and GPT-4,llms have been critiqued for perpetuating stereotypes against diverse groups based on race sexual orientation and other attributes and our findings indicate that certain personas or prompt combinations consistently yield harmful content highlighting the potential risks associated with specific personaissue alignments within the korean cultural framework,5
HybridBERT - Making BERT Pretraining More Efficient Through Hybrid Mixture of Attention Mechanisms,the pretraining phase is extremely computeintensive and requires several highperformance computing devices like gpus and several days or even months of training but it is crucial for the model to capture global knowledge and also has a significant impact on the finetuning task this is a major,2
Combating Security and Privacy Issues in the Era of Large Language Models,this tutorial seeks to provide a systematic summary of risks and vulnerabilities in security privacy and copyright aspects of large language models llms and most recent solutions to address those issues and will conclude the discussions by outlining emergent challenges in security privacy and reliability of llms that deserve timely investigation by the community,7
Explanation in the Era of Large Language Models,the sheer sizes and the opaque nature of llms introduce challenges to the explanation methods,3
